<?xml version="1.0" encoding="UTF-8"?>
<beans xmlns="http://www.springframework.org/schema/beans"
       xmlns:xsi="http://www.w3.org/2001/XMLSchema-instance"
       xsi:schemaLocation="http://www.springframework.org/schema/beans
       http://www.springframework.org/schema/beans/spring-beans.xsd">

    <!-- 异步线程池 -->
    <bean id="taskExecutor" class="org.springframework.scheduling.concurrent.ThreadPoolTaskExecutor">
        <!-- 核心线程数 -->
        <property name="corePoolSize" value="10"/>
        <!-- 最大线程数 -->
        <property name="maxPoolSize" value="50"/>
        <!-- 线程池维护线程所允许的空闲时间 -->
        <property name="keepAliveSeconds" value="60"/>
        <!-- 队列最大长度 >=mainExecutor.maxSize -->
        <property name="queueCapacity" value="500"/>
        <!-- AbortPolicy:直接抛出java.prop.concurrent.RejectedExecutionException异常 -->
        <!-- CallerRunsPolicy:主线程直接执行该任务，执行完之后尝试添加下一个任务到线程池中，可以有效降低向线程池内添加任务的速度 -->
        <!-- DiscardOldestPolicy:抛弃旧的任务、暂不支持；会导致被丢弃的任务无法再次被执行 -->
        <!-- DiscardPolicy:抛弃当前任务、暂不支持；会导致被丢弃的任务无法再次被执行 -->
        <property name="rejectedExecutionHandler">
            <bean class="java.util.concurrent.ThreadPoolExecutor$CallerRunsPolicy"/>
        </property>
    </bean>

</beans>